{
    "width": 15, 
    "height": 11,
    "boxes": [
    [0, 2, 0, 0, 0, 2, 0, 0, 0, 2, 0, 0, 0, 2, 0],
    [0, 1, 1, 0, 0, 1, 1, 1, 1, 1, 0, 0, 1, 1, 0],
    [0, 1, 0, 3, 1, 1, 0, 0, 0, 1, 1, 3, 0, 1, 0],
    [0, 2, 0, 0, 2, 0, 0, 2, 0, 0, 2, 0, 0, 2, 0],
    [2, 1, 0, 1, 1, 0, 1, 2, 1, 0, 1, 1, 0, 1, 2],
    [2, 1, 3, 0, 3, 2, 3, 0, 3, 2, 3, 0, 3, 1, 2],
    [2, 1, 0, 1, 1, 0, 1, 2, 1, 0, 1, 1, 0, 1, 2],
    [0, 2, 0, 0, 2, 0, 0, 2, 0, 0, 2, 0, 0, 2, 0],
    [0, 1, 0, 3, 1, 1, 0, 0, 0, 1, 1, 3, 0, 1, 0],
    [0, 1, 1, 0, 0, 1, 1, 1, 1, 1, 0, 0, 1, 1, 0],
    [0, 2, 0, 0, 0, 2, 0, 0, 0, 2, 0, 0, 0, 2, 0]],
    "tanks": [[0.5, 0.5, 0], [14.5, 0.5, 0], [0.5, 10.5, 180], [14.5, 10.5, 180], [7.5, 0.5, 0], [7.5, 10.5, 180]], 
    "flag": [7.5, 5.5]
}